{"cameraMode":{"drawMode":0,"name":"Shaded","section":"Shading Mode"},"sceneLighting":true,"audioPlay":false,"sceneViewState":{"m_AlwaysRefresh":false,"showFog":true,"showSkybox":true,"showFlares":true,"showImageEffects":true,"showParticleSystems":true,"showVisualEffectGraphs":true,"m_FxEnabled":true},"in2DMode":false,"pivot":{"x":12.596548080444336,"y":12.943904876708985,"z":7.791080474853516},"rotation":{"x":-0.3668244779109955,"y":-0.01113316509872675,"z":0.004522941540926695,"w":-0.9302772879600525},"size":6.389913082122803,"orthographic":false}